<Canvas>
    <Kind>42</Kind>
    <Name>SystemSettings</Name>
    <IsMinified>0</IsMinified>
    <XPosition>1.000000000</XPosition>
    <YPosition>82.000000000</YPosition>
</Canvas>
<Widget>
    <Kind>2</Kind>
    <Name>DEBUG</Name>
    <Value>1</Value>
</Widget>
<Widget>
    <Kind>12</Kind>
    <Name>Axiom</Name>
    <Value>B</Value>
</Widget>
<Widget>
    <Kind>12</Kind>
    <Name>Rule1</Name>
    <Value>B=F[-B+B]+F[+B-B]-F</Value>
</Widget>
<Widget>
    <Kind>12</Kind>
    <Name>Rule2</Name>
    <Value>F=FF</Value>
</Widget>
<Widget>
    <Kind>4</Kind>
    <Name>Angle</Name>
    <Value>60.295566559</Value>
</Widget>
<Widget>
    <Kind>4</Kind>
    <Name>Scale</Name>
    <Value>0.862068951</Value>
</Widget>
<Widget>
    <Kind>4</Kind>
    <Name>Depth</Name>
    <Value>5.610837460</Value>
</Widget>
<Widget>
    <Kind>4</Kind>
    <Name>aNoise</Name>
    <Value>0.817734003</Value>
</Widget>
<Widget>
    <Kind>4</Kind>
    <Name>tNoise</Name>
    <Value>0.000000000</Value>
</Widget>
<Widget>
    <Kind>4</Kind>
    <Name>Speed</Name>
    <Value>6.502463341</Value>
</Widget>
<Widget>
    <Kind>4</Kind>
    <Name>bornTime</Name>
    <Value>2.000000000</Value>
</Widget>
<Widget>
    <Kind>4</Kind>
    <Name>dotSize</Name>
    <Value>6.403941154</Value>
</Widget>
