<Canvas>
    <Kind>42</Kind>
    <Name>SystemSettings</Name>
    <IsMinified>0</IsMinified>
    <XPosition>1.000000000</XPosition>
    <YPosition>82.000000000</YPosition>
</Canvas>
<Widget>
    <Kind>2</Kind>
    <Name>DEBUG</Name>
    <Value>0</Value>
</Widget>
<Widget>
    <Kind>12</Kind>
    <Name>Axiom</Name>
    <Value>BF</Value>
</Widget>
<Widget>
    <Kind>12</Kind>
    <Name>Rule1</Name>
    <Value>B=F[-B+B]+F[+B-B]-F[+B-B]</Value>
</Widget>
<Widget>
    <Kind>12</Kind>
    <Name>Rule2</Name>
    <Value>F=FF</Value>
</Widget>
<Widget>
    <Kind>4</Kind>
    <Name>Angle</Name>
    <Value>59.852218628</Value>
</Widget>
<Widget>
    <Kind>4</Kind>
    <Name>Scale</Name>
    <Value>1.098522186</Value>
</Widget>
<Widget>
    <Kind>4</Kind>
    <Name>Depth</Name>
    <Value>5.433497429</Value>
</Widget>
<Widget>
    <Kind>4</Kind>
    <Name>aNoise</Name>
    <Value>0.000000000</Value>
</Widget>
<Widget>
    <Kind>4</Kind>
    <Name>tNoise</Name>
    <Value>0.000000000</Value>
</Widget>
<Widget>
    <Kind>4</Kind>
    <Name>Speed</Name>
    <Value>6.206896305</Value>
</Widget>
<Widget>
    <Kind>4</Kind>
    <Name>bornTime</Name>
    <Value>0.000000000</Value>
</Widget>
<Widget>
    <Kind>4</Kind>
    <Name>breakness</Name>
    <Value>0.000000000</Value>
</Widget>
<Widget>
    <Kind>2</Kind>
    <Name>Grow</Name>
    <Value>1</Value>
</Widget>
<Widget>
    <Kind>2</Kind>
    <Name>Flow</Name>
    <Value>1</Value>
</Widget>
