<Canvas>
    <Kind>42</Kind>
    <Name>RenderSettings</Name>
    <IsMinified>0</IsMinified>
    <XPosition>0.000000000</XPosition>
    <YPosition>767.000000000</YPosition>
</Canvas>
<Widget>
    <Kind>4</Kind>
    <Name>Oringinal_alpha</Name>
    <Value>0.054187194</Value>
</Widget>
<Widget>
    <Kind>4</Kind>
    <Name>Particles_alpha</Name>
    <Value>1.000000000</Value>
</Widget>
<Widget>
    <Kind>4</Kind>
    <Name>Particles_size</Name>
    <Value>2.216748714</Value>
</Widget>
<Widget>
    <Kind>4</Kind>
    <Name>Trace</Name>
    <Value>0.192118227</Value>
</Widget>
