<Canvas>
    <Kind>42</Kind>
    <Name>SystemSettings</Name>
    <IsMinified>0</IsMinified>
    <XPosition>1.000000000</XPosition>
    <YPosition>82.000000000</YPosition>
</Canvas>
<Widget>
    <Kind>2</Kind>
    <Name>DEBUG</Name>
    <Value>1</Value>
</Widget>
<Widget>
    <Kind>12</Kind>
    <Name>Axiom</Name>
    <Value>B</Value>
</Widget>
<Widget>
    <Kind>12</Kind>
    <Name>Rule1</Name>
    <Value>B=F[2+B]F[3-BB]-F[2+B][2-B]&#x1B;</Value>
</Widget>
<Widget>
    <Kind>12</Kind>
    <Name>Rule2</Name>
    <Value>F=FF</Value>
</Widget>
<Widget>
    <Kind>4</Kind>
    <Name>Angle</Name>
    <Value>45.221672058</Value>
</Widget>
<Widget>
    <Kind>4</Kind>
    <Name>Scale</Name>
    <Value>0.943349719</Value>
</Widget>
<Widget>
    <Kind>4</Kind>
    <Name>Depth</Name>
    <Value>5.522167206</Value>
</Widget>
<Widget>
    <Kind>4</Kind>
    <Name>aNoise</Name>
    <Value>0.000000000</Value>
</Widget>
<Widget>
    <Kind>4</Kind>
    <Name>tNoise</Name>
    <Value>0.000000000</Value>
</Widget>
<Widget>
    <Kind>4</Kind>
    <Name>Speed</Name>
    <Value>0.837438405</Value>
</Widget>
<Widget>
    <Kind>4</Kind>
    <Name>bornTime</Name>
    <Value>2.000000000</Value>
</Widget>
<Widget>
    <Kind>4</Kind>
    <Name>dotSize</Name>
    <Value>0.985221684</Value>
</Widget>
