<Canvas>
    <Kind>42</Kind>
    <Name>SystemSettings</Name>
    <IsMinified>0</IsMinified>
    <XPosition>1.000000000</XPosition>
    <YPosition>82.000000000</YPosition>
</Canvas>
<Widget>
    <Kind>2</Kind>
    <Name>DEBUG</Name>
    <Value>1</Value>
</Widget>
<Widget>
    <Kind>12</Kind>
    <Name>Axiom</Name>
    <Value>B</Value>
</Widget>
<Widget>
    <Kind>12</Kind>
    <Name>Rule1</Name>
    <Value>B=F[2+B]F[3-BB]-F[2+B][2-B]&#x1B;</Value>
</Widget>
<Widget>
    <Kind>12</Kind>
    <Name>Rule2</Name>
    <Value>F=FF</Value>
</Widget>
<Widget>
    <Kind>4</Kind>
    <Name>Angle</Name>
    <Value>24.384235382</Value>
</Widget>
<Widget>
    <Kind>4</Kind>
    <Name>Scale</Name>
    <Value>1.298029542</Value>
</Widget>
<Widget>
    <Kind>4</Kind>
    <Name>Depth</Name>
    <Value>4.280788422</Value>
</Widget>
<Widget>
    <Kind>4</Kind>
    <Name>aNoise</Name>
    <Value>0.167487681</Value>
</Widget>
<Widget>
    <Kind>4</Kind>
    <Name>tNoise</Name>
    <Value>0.000000000</Value>
</Widget>
<Widget>
    <Kind>4</Kind>
    <Name>Speed</Name>
    <Value>4.679802895</Value>
</Widget>
<Widget>
    <Kind>4</Kind>
    <Name>bornTime</Name>
    <Value>0.689655185</Value>
</Widget>
<Widget>
    <Kind>4</Kind>
    <Name>dotSize</Name>
    <Value>10.837438583</Value>
</Widget>
