<Canvas>
    <Kind>42</Kind>
    <Name>CamSettings</Name>
    <IsMinified>0</IsMinified>
    <XPosition>1210.000000000</XPosition>
    <YPosition>287.000000000</YPosition>
</Canvas>
<Widget>
    <Kind>4</Kind>
    <Name>DIST</Name>
    <Value>192.118225098</Value>
</Widget>
<Widget>
    <Kind>4</Kind>
    <Name>FOV</Name>
    <Value>47.881771088</Value>
</Widget>
<Widget>
    <Kind>4</Kind>
    <Name>ROT-X</Name>
    <Value>1.773398995</Value>
</Widget>
<Widget>
    <Kind>4</Kind>
    <Name>ROT-Y</Name>
    <Value>10.640394211</Value>
</Widget>
<Widget>
    <Kind>4</Kind>
    <Name>ROT-Z</Name>
    <Value>191.527084351</Value>
</Widget>
<Widget>
    <Kind>17</Kind>
    <Name>TOP</Name>
    <Value>1</Value>
</Widget>
<Widget>
    <Kind>17</Kind>
    <Name>BOTTOM</Name>
    <Value>0</Value>
</Widget>
<Widget>
    <Kind>17</Kind>
    <Name>FRONT</Name>
    <Value>0</Value>
</Widget>
<Widget>
    <Kind>17</Kind>
    <Name>BACK</Name>
    <Value>0</Value>
</Widget>
<Widget>
    <Kind>17</Kind>
    <Name>RIGHT</Name>
    <Value>0</Value>
</Widget>
<Widget>
    <Kind>17</Kind>
    <Name>LEFT</Name>
    <Value>0</Value>
</Widget>
<Widget>
    <Kind>17</Kind>
    <Name>3D</Name>
    <Value>0</Value>
</Widget>
