<Canvas>
    <Kind>42</Kind>
    <Name>POINT LIGHT 1Settings</Name>
    <IsMinified>1</IsMinified>
    <XPosition>1213.000000000</XPosition>
    <YPosition>7.000000000</YPosition>
</Canvas>
<Widget>
    <Kind>2</Kind>
    <Name>ENABLE</Name>
    <Value>1</Value>
</Widget>
<Widget>
    <Kind>25</Kind>
    <Name>X</Name>
    <Value>0.000000000</Value>
</Widget>
<Widget>
    <Kind>25</Kind>
    <Name>Y</Name>
    <Value>0.000000000</Value>
</Widget>
<Widget>
    <Kind>25</Kind>
    <Name>Z</Name>
    <Value>0.000000000</Value>
</Widget>
<Widget>
    <Kind>25</Kind>
    <Name>AR</Name>
    <Value>0.500000000</Value>
</Widget>
<Widget>
    <Kind>25</Kind>
    <Name>AG</Name>
    <Value>0.500000000</Value>
</Widget>
<Widget>
    <Kind>25</Kind>
    <Name>AB</Name>
    <Value>0.500000000</Value>
</Widget>
<Widget>
    <Kind>25</Kind>
    <Name>DR</Name>
    <Value>0.500000000</Value>
</Widget>
<Widget>
    <Kind>25</Kind>
    <Name>DG</Name>
    <Value>0.500000000</Value>
</Widget>
<Widget>
    <Kind>25</Kind>
    <Name>DB</Name>
    <Value>0.500000000</Value>
</Widget>
<Widget>
    <Kind>25</Kind>
    <Name>SR</Name>
    <Value>0.500000000</Value>
</Widget>
<Widget>
    <Kind>25</Kind>
    <Name>SG</Name>
    <Value>0.500000000</Value>
</Widget>
<Widget>
    <Kind>25</Kind>
    <Name>SB</Name>
    <Value>0.500000000</Value>
</Widget>
