<Canvas>
    <Kind>42</Kind>
    <Name>Presets</Name>
    <IsMinified>0</IsMinified>
    <XPosition>1213.000000000</XPosition>
    <YPosition>130.000000000</YPosition>
</Canvas>
<Widget>
    <Kind>2</Kind>
    <Name>CityTree</Name>
    <Value>0</Value>
</Widget>
<Widget>
    <Kind>2</Kind>
    <Name>HexTree</Name>
    <Value>0</Value>
</Widget>
<Widget>
    <Kind>2</Kind>
    <Name>LindenTree</Name>
    <Value>1</Value>
</Widget>
<Widget>
    <Kind>2</Kind>
    <Name>SimpleTree</Name>
    <Value>0</Value>
</Widget>
<Widget>
    <Kind>2</Kind>
    <Name>TronTree</Name>
    <Value>0</Value>
</Widget>
