<Widget>
    <Kind>8</Kind>
    <Name>NEAR</Name>
    <Value>8000.000000000</Value>
</Widget>
<Widget>
    <Kind>8</Kind>
    <Name>FAR</Name>
    <Value>10000.000000000</Value>
</Widget>
<Widget>
    <Kind>17</Kind>
    <Name>CIRCLE</Name>
    <Value>1</Value>
</Widget>
<Widget>
    <Kind>25</Kind>
    <Name>CIRCLE SCALE</Name>
    <Value>0.097165994</Value>
</Widget>
<Widget>
    <Kind>25</Kind>
    <Name>HISTORY SIZE</Name>
    <Value>51.821865082</Value>
</Widget>
<Widget>
    <Kind>25</Kind>
    <Name>CIRCLE NUM</Name>
    <Value>1.085020185</Value>
</Widget>
<Widget>
    <Kind>17</Kind>
    <Name>DEPTH</Name>
    <Value>0</Value>
</Widget>
<Widget>
    <Kind>25</Kind>
    <Name>D THRESHOLD</Name>
    <Value>39.048583984</Value>
</Widget>
<Widget>
    <Kind>17</Kind>
    <Name>VIDEO</Name>
    <Value>1</Value>
</Widget>
